{"cameraMode":{"drawMode":0,"name":"Shaded","section":"Shading Mode"},"sceneLighting":true,"audioPlay":false,"sceneViewState":{"m_AlwaysRefresh":false,"showFog":true,"showSkybox":true,"showFlares":true,"showImageEffects":true,"showParticleSystems":true,"showVisualEffectGraphs":true,"m_FxEnabled":true},"in2DMode":false,"pivot":{"x":299.404296875,"y":316.2298583984375,"z":-108.26153564453125},"rotation":{"x":0.01799926534295082,"y":-0.0015009145718067885,"z":0.000028032169211655855,"w":0.9998457431793213},"size":326.21075439453127,"orthographic":false}