{"cameraMode":{"drawMode":0,"name":"Shaded","section":"Shading Mode"},"sceneLighting":false,"audioPlay":false,"sceneViewState":{"m_AlwaysRefresh":false,"showFog":true,"showSkybox":false,"showFlares":true,"showImageEffects":true,"showParticleSystems":true,"showVisualEffectGraphs":true,"m_FxEnabled":true},"in2DMode":false,"pivot":{"x":-0.5524337291717529,"y":0.6206206679344177,"z":1.8069735765457154},"rotation":{"x":0.054284363985061648,"y":-0.000004285502200218616,"z":0.000001416624058947491,"w":0.9985400438308716},"size":2.0300228595733644,"orthographic":false}